vehicle_id,timestamp,engine_temp,rpm,speed,coolant_level,battery_voltage,dtc_code
V1,2025-12-31 15:26:30.868346,92.44,713,45,0.63,12.16,P0300
V1,2025-12-31 15:26:40.868346,92.44,783,0,0.66,12.38,P0300
V1,2025-12-31 15:26:50.868346,92.41,743,55,0.79,12.86,P0128
V1,2025-12-31 15:27:00.868346,92.58,706,82,0.61,12.25,P0562
V1,2025-12-31 15:27:10.868346,92.57,810,96,0.8,13.4,P0128
V1,2025-12-31 15:27:20.868346,92.56,785,100,0.92,12.04,NONE
V1,2025-12-31 15:27:30.868346,92.57,833,41,0.76,13.32,NONE
V1,2025-12-31 15:27:40.868346,92.43,838,59,0.73,12.07,P0128
V1,2025-12-31 15:27:50.868346,92.6,815,71,0.98,13.06,P0562
V1,2025-12-31 15:28:00.868346,92.47,871,6,0.7,13.37,P0300
V1,2025-12-31 15:28:10.868346,92.57,834,41,0.69,11.96,P0300
V1,2025-12-31 15:28:20.868346,92.58,815,95,0.87,12.2,NONE
V1,2025-12-31 15:28:30.868346,92.42,851,71,0.61,12.88,NONE
V1,2025-12-31 15:28:40.868346,92.41,825,6,0.87,13.24,NONE
V1,2025-12-31 15:28:50.868346,92.55,833,40,0.67,13.22,NONE
V1,2025-12-31 15:29:00.868346,92.54,826,33,0.94,12.34,NONE
V1,2025-12-31 15:29:10.868346,92.51,788,78,0.93,12.55,P0300
V1,2025-12-31 15:29:20.868346,92.6,727,8,0.65,12.88,P0562
V1,2025-12-31 15:29:30.868346,92.42,751,11,0.62,12.45,P0128
V1,2025-12-31 15:29:40.868346,92.52,859,31,0.73,12.62,P0128
V1,2025-12-31 15:29:50.868346,92.5,881,40,0.88,13.02,P0300
V1,2025-12-31 15:30:00.868346,92.59,778,74,0.99,12.29,P0300
V1,2025-12-31 15:30:10.868346,92.55,752,33,0.85,13.3,NONE
V1,2025-12-31 15:30:20.868346,92.52,855,14,0.75,12.71,P0300
V1,2025-12-31 15:30:30.868346,92.48,709,10,0.84,12.89,NONE
V1,2025-12-31 15:30:40.868346,92.56,825,94,0.7,12.69,P0128
V1,2025-12-31 15:30:50.868346,92.48,722,47,0.84,12.37,P0562
V1,2025-12-31 15:31:00.868346,92.48,775,28,0.9,12.95,P0300
V1,2025-12-31 15:31:10.868346,92.44,807,50,0.64,12.75,P0128
V1,2025-12-31 15:31:20.868346,92.5,865,90,0.83,12.58,P0300
V1,2025-12-31 15:31:30.868346,92.47,890,34,0.76,12.55,NONE
V1,2025-12-31 15:31:40.868346,92.56,793,21,0.71,12.98,P0562
V1,2025-12-31 15:31:50.868346,92.46,753,66,0.78,12.37,NONE
V1,2025-12-31 15:32:00.868346,92.5,749,91,0.66,13.19,NONE
V1,2025-12-31 15:32:10.868346,92.48,794,86,0.93,13.12,P0128
V1,2025-12-31 15:32:20.868346,92.55,768,19,0.97,13.39,P0300
V1,2025-12-31 15:32:30.868346,92.45,765,11,0.82,12.58,P0562
V1,2025-12-31 15:32:40.868346,92.43,709,83,0.65,12.87,P0562
V1,2025-12-31 15:32:50.868346,92.45,844,22,0.83,12.74,NONE
V1,2025-12-31 15:33:00.868346,92.51,698,2,0.63,13.23,P0562
V1,2025-12-31 15:33:10.868346,92.44,719,32,0.78,12.94,NONE
V1,2025-12-31 15:33:20.868346,92.54,787,42,0.99,11.83,P0128
V1,2025-12-31 15:33:30.868346,92.56,698,42,0.82,13.14,NONE
V1,2025-12-31 15:33:40.868346,92.43,861,16,0.68,13.18,P0562
V1,2025-12-31 15:33:50.868346,92.51,807,62,0.72,12.69,P0128
V1,2025-12-31 15:34:00.868346,92.45,870,44,0.95,12.49,P0300
V1,2025-12-31 15:34:10.868346,92.51,734,35,0.82,13.38,P0128
V1,2025-12-31 15:34:20.868346,92.54,867,52,0.76,11.95,P0300
V1,2025-12-31 15:34:30.868346,92.43,826,95,0.87,12.75,NONE
V1,2025-12-31 15:34:40.868346,92.6,807,95,0.72,12.5,NONE
V1,2025-12-31 15:34:50.868346,92.45,722,86,0.76,12.28,P0300
V1,2025-12-31 15:35:00.868346,92.52,764,40,0.78,12.06,P0128
V1,2025-12-31 15:35:10.868346,92.43,721,46,0.95,13.01,P0128
V1,2025-12-31 15:35:20.868346,92.43,795,89,0.62,12.6,P0562
V1,2025-12-31 15:35:30.868346,92.43,877,82,0.74,12.77,P0128
V1,2025-12-31 15:35:40.868346,92.42,868,96,0.81,12.18,P0128
V1,2025-12-31 15:35:50.868346,92.41,809,11,0.91,12.51,P0562
V1,2025-12-31 15:36:00.868346,92.55,817,99,0.87,13.25,NONE
V1,2025-12-31 15:36:10.868346,92.48,878,38,0.91,12.31,P0300
V1,2025-12-31 15:36:20.868346,92.44,778,63,0.96,13.39,P0562
V1,2025-12-31 15:36:30.868346,92.52,781,55,0.97,12.3,P0128
V1,2025-12-31 15:36:40.868346,92.6,785,49,0.83,12.88,NONE
V1,2025-12-31 15:36:50.868346,92.51,775,71,0.71,12.04,P0128
V1,2025-12-31 15:37:00.868346,92.48,717,92,0.9,12.12,P0128
V1,2025-12-31 15:37:10.868346,92.55,815,10,0.87,12.9,NONE
V1,2025-12-31 15:37:20.868346,92.42,850,78,0.94,12.45,P0128
V1,2025-12-31 15:37:30.868346,92.43,722,60,0.85,12.79,P0128
V1,2025-12-31 15:37:40.868346,92.45,777,80,0.86,12.13,NONE
V1,2025-12-31 15:37:50.868346,92.55,708,82,0.99,12.28,P0562
V1,2025-12-31 15:38:00.868346,92.45,843,37,0.78,13.27,P0562
V1,2025-12-31 15:38:10.868346,92.52,710,74,0.87,13.27,P0128
V1,2025-12-31 15:38:20.868346,92.43,870,26,0.8,12.19,P0562
V1,2025-12-31 15:38:30.868346,92.54,882,29,0.99,12.62,P0562
V1,2025-12-31 15:38:40.868346,92.58,793,13,0.82,11.91,P0128
V1,2025-12-31 15:38:50.868346,92.6,798,19,0.79,13.4,NONE
V1,2025-12-31 15:39:00.868346,92.6,889,19,0.78,12.98,P0128
V1,2025-12-31 15:39:10.868346,92.57,754,8,0.83,12.94,P0562
V1,2025-12-31 15:39:20.868346,92.5,896,72,0.61,12.95,P0128
V1,2025-12-31 15:39:30.868346,92.46,762,11,0.97,12.96,P0300
V1,2025-12-31 15:39:40.868346,92.44,873,68,0.61,13.18,P0300
V1,2025-12-31 15:39:50.868346,92.44,812,55,0.83,12.03,NONE
V1,2025-12-31 15:40:00.868346,92.42,701,90,0.8,13.27,NONE
V1,2025-12-31 15:40:10.868346,92.49,766,63,0.61,12.33,NONE
V1,2025-12-31 15:40:20.868346,92.49,765,60,0.61,12.83,NONE
V1,2025-12-31 15:40:30.868346,92.56,849,41,0.82,12.53,P0562
V1,2025-12-31 15:40:40.868346,92.54,800,4,0.82,12.01,NONE
V1,2025-12-31 15:40:50.868346,92.53,759,15,0.86,12.28,P0562
V1,2025-12-31 15:41:00.868346,92.42,793,12,0.69,13.37,P0300
V1,2025-12-31 15:41:10.868346,92.45,718,10,0.86,12.1,P0128
V1,2025-12-31 15:41:20.868346,92.49,716,13,0.85,12.47,P0300
V1,2025-12-31 15:41:30.868346,92.59,896,72,0.81,11.89,P0562
V1,2025-12-31 15:41:40.868346,92.48,876,97,0.88,13.3,NONE
V1,2025-12-31 15:41:50.868346,92.55,804,9,0.76,12.38,P0128
V1,2025-12-31 15:42:00.868346,92.42,743,22,0.8,12.27,P0128
V1,2025-12-31 15:42:10.868346,92.58,877,69,0.7,12.88,P0128
V1,2025-12-31 15:42:20.868346,92.51,763,63,0.81,13.42,P0300
V1,2025-12-31 15:42:30.868346,92.45,830,64,0.87,11.9,P0562
V1,2025-12-31 15:42:40.868346,92.49,865,29,0.92,13.37,P0562
V1,2025-12-31 15:42:50.868346,92.6,875,27,0.98,12.37,P0128
V1,2025-12-31 15:43:00.868346,92.54,830,57,0.64,13.31,P0128
V2,2025-12-31 15:26:30.870466,86.26,946,75,0.8,12.01,P0128
V2,2025-12-31 15:26:40.870466,86.23,839,14,0.92,12.16,P0300
V2,2025-12-31 15:26:50.870466,86.19,946,64,0.69,12.15,NONE
V2,2025-12-31 15:27:00.870466,86.18,787,37,0.64,13.13,P0128
V2,2025-12-31 15:27:10.870466,86.29,823,23,0.73,13.47,P0562
V2,2025-12-31 15:27:20.870466,86.16,891,8,0.75,12.19,NONE
V2,2025-12-31 15:27:30.870466,86.3,922,29,0.68,13.21,P0128
V2,2025-12-31 15:27:40.870466,86.19,773,33,0.97,12.75,P0562
V2,2025-12-31 15:27:50.870466,86.34,783,96,0.69,12.22,P0128
V2,2025-12-31 15:28:00.870466,86.31,820,73,0.76,12.77,P0300
V2,2025-12-31 15:28:10.870466,86.17,796,4,0.73,12.81,P0128
V2,2025-12-31 15:28:20.870466,86.17,943,98,0.8,12.63,P0562
V2,2025-12-31 15:28:30.870466,86.3,845,35,0.87,12.04,NONE
V2,2025-12-31 15:28:40.870466,86.23,804,20,0.96,12.12,P0300
V2,2025-12-31 15:28:50.870466,86.33,822,12,0.67,12.66,P0562
V2,2025-12-31 15:29:00.870466,86.21,914,88,0.6,13.02,P0300
V2,2025-12-31 15:29:10.870466,86.23,861,28,0.89,11.85,NONE
V2,2025-12-31 15:29:20.870466,86.28,961,93,0.72,12.58,NONE
V2,2025-12-31 15:29:30.870466,86.22,847,100,0.6,12.59,P0562
V2,2025-12-31 15:29:40.870466,86.3,841,92,0.68,13.03,P0300
V2,2025-12-31 15:29:50.870466,86.28,963,24,0.63,12.34,P0300
V2,2025-12-31 15:30:00.870466,86.17,861,47,0.72,12.29,P0562
V2,2025-12-31 15:30:10.870466,86.25,768,97,0.87,12.94,P0300
V2,2025-12-31 15:30:20.870466,86.18,944,72,0.61,13.43,P0300
V2,2025-12-31 15:30:30.870466,86.34,825,39,0.97,11.84,P0128
V2,2025-12-31 15:30:40.870466,86.18,816,68,0.91,13.37,P0300
V2,2025-12-31 15:30:50.870466,86.18,791,67,0.66,12.58,NONE
V2,2025-12-31 15:31:00.870466,86.18,884,15,0.76,13.22,P0128
V2,2025-12-31 15:31:10.870466,86.32,892,55,0.96,12.8,P0128
V2,2025-12-31 15:31:20.870466,86.16,845,36,0.81,12.78,P0128
V2,2025-12-31 15:31:30.870466,86.31,837,95,0.7,11.96,P0562
V2,2025-12-31 15:31:40.870466,86.24,914,75,0.79,13.08,P0562
V2,2025-12-31 15:31:50.870466,86.36,777,49,0.6,12.15,P0128
V2,2025-12-31 15:32:00.870466,86.25,845,55,0.85,12.35,NONE
V2,2025-12-31 15:32:10.870466,86.25,855,24,0.96,12.39,P0300
V2,2025-12-31 15:32:20.870466,86.28,907,64,0.87,12.8,P0300
V2,2025-12-31 15:32:30.870466,86.16,922,9,0.97,13.31,P0300
V2,2025-12-31 15:32:40.870466,86.32,861,65,0.83,12.66,NONE
V2,2025-12-31 15:32:50.870466,86.31,844,58,0.78,12.68,P0300
V2,2025-12-31 15:33:00.870466,86.19,850,23,0.93,13.13,P0300
V2,2025-12-31 15:33:10.870466,86.22,830,36,0.66,12.02,P0300
V2,2025-12-31 15:33:20.870466,86.16,770,59,0.68,13.05,NONE
V2,2025-12-31 15:33:30.870466,86.35,963,93,0.82,13.17,P0562
V2,2025-12-31 15:33:40.870466,86.17,838,34,0.76,13.0,P0128
V2,2025-12-31 15:33:50.870466,86.23,765,100,0.66,12.09,P0128
V2,2025-12-31 15:34:00.870466,86.21,783,72,0.69,11.99,P0300
V2,2025-12-31 15:34:10.870466,86.16,798,71,0.85,12.07,P0562
V2,2025-12-31 15:34:20.870466,86.26,863,78,0.99,13.03,P0562
V2,2025-12-31 15:34:30.870466,86.35,927,53,0.74,13.3,NONE
V2,2025-12-31 15:34:40.870466,86.27,904,15,0.62,11.94,P0128
V2,2025-12-31 15:34:50.870466,86.16,884,49,0.66,13.04,P0300
V2,2025-12-31 15:35:00.870466,86.23,930,93,0.68,12.84,NONE
V2,2025-12-31 15:35:10.870466,86.29,859,59,0.72,12.03,P0300
V2,2025-12-31 15:35:20.870466,86.22,816,50,0.71,13.38,P0562
V2,2025-12-31 15:35:30.870466,86.22,789,93,0.66,13.42,P0562
V2,2025-12-31 15:35:40.870466,86.21,859,28,0.65,11.85,P0562
V2,2025-12-31 15:35:50.870466,86.2,792,87,0.93,12.23,P0562
V2,2025-12-31 15:36:00.870466,86.19,914,97,0.88,11.85,P0562
V2,2025-12-31 15:36:10.870466,86.28,862,1,0.63,12.24,NONE
V2,2025-12-31 15:36:20.870466,86.22,928,9,0.67,13.42,P0128
V2,2025-12-31 15:36:30.870466,86.26,804,85,0.83,12.7,NONE
V2,2025-12-31 15:36:40.870466,86.36,803,50,0.92,13.05,P0128
V2,2025-12-31 15:36:50.870466,86.2,881,79,0.94,12.33,NONE
V2,2025-12-31 15:37:00.870466,86.2,876,59,0.87,12.59,P0300
V2,2025-12-31 15:37:10.870466,86.26,895,50,0.8,12.59,P0300
V2,2025-12-31 15:37:20.870466,86.18,945,54,0.7,12.35,NONE
V2,2025-12-31 15:37:30.870466,86.18,855,34,0.63,13.14,NONE
V2,2025-12-31 15:37:40.870466,86.34,866,98,0.99,12.98,NONE
V2,2025-12-31 15:37:50.870466,86.26,935,40,0.93,13.3,P0300
V2,2025-12-31 15:38:00.870466,86.32,925,70,0.76,13.13,P0128
V2,2025-12-31 15:38:10.870466,86.28,841,83,0.93,13.17,P0300
V2,2025-12-31 15:38:20.870466,86.19,809,14,0.7,11.94,P0300
V2,2025-12-31 15:38:30.870466,86.26,935,52,0.94,13.5,P0562
V2,2025-12-31 15:38:40.870466,86.22,779,10,0.66,13.2,P0300
V2,2025-12-31 15:38:50.870466,86.2,953,19,0.83,13.13,NONE
V2,2025-12-31 15:39:00.870466,86.2,860,40,0.89,13.34,P0300
V2,2025-12-31 15:39:10.870466,86.35,864,89,0.92,12.29,P0300
V2,2025-12-31 15:39:20.870466,86.3,891,84,0.76,12.61,P0300
V2,2025-12-31 15:39:30.870466,86.28,865,65,0.6,13.21,P0562
V2,2025-12-31 15:39:40.870466,86.28,949,38,0.67,12.93,P0300
V2,2025-12-31 15:39:50.870466,86.19,882,19,0.77,13.49,P0128
V2,2025-12-31 15:40:00.870466,86.33,855,21,0.77,13.26,P0128
V2,2025-12-31 15:40:10.870466,86.19,928,29,0.85,11.93,NONE
V2,2025-12-31 15:40:20.870466,86.25,885,48,0.97,12.47,P0128
V2,2025-12-31 15:40:30.870466,86.17,822,58,0.82,13.16,NONE
V2,2025-12-31 15:40:40.870466,86.31,888,95,0.63,12.99,NONE
V2,2025-12-31 15:40:50.870466,86.17,892,24,1.0,11.99,NONE
V2,2025-12-31 15:41:00.870466,86.33,905,72,0.82,12.89,P0562
V2,2025-12-31 15:41:10.870466,86.16,885,41,0.91,12.68,P0300
V2,2025-12-31 15:41:20.870466,86.18,882,67,0.78,11.85,P0128
V2,2025-12-31 15:41:30.870466,86.27,939,43,0.87,11.97,P0128
V2,2025-12-31 15:41:40.870466,86.23,879,98,0.63,12.78,NONE
V2,2025-12-31 15:41:50.870466,86.35,915,62,0.96,12.11,P0300
V2,2025-12-31 15:42:00.870466,86.35,900,13,0.75,13.11,P0562
V2,2025-12-31 15:42:10.870466,86.22,831,72,0.63,12.67,P0300
V2,2025-12-31 15:42:20.870466,86.17,960,97,0.85,12.49,NONE
V2,2025-12-31 15:42:30.870466,86.24,905,11,0.76,12.49,P0562
V2,2025-12-31 15:42:40.870466,86.19,933,1,0.94,12.84,NONE
V2,2025-12-31 15:42:50.870466,86.22,842,84,0.86,13.43,NONE
V2,2025-12-31 15:43:00.870466,86.31,914,86,0.71,13.08,P0300
V3,2025-12-31 15:26:30.870466,93.57,722,55,0.82,12.79,P0562
V3,2025-12-31 15:26:40.870466,93.61,839,90,0.73,12.24,NONE
V3,2025-12-31 15:26:50.870466,93.59,780,82,0.94,12.42,P0562
V3,2025-12-31 15:27:00.870466,93.69,732,20,0.63,12.46,P0300
V3,2025-12-31 15:27:10.870466,93.55,722,14,0.93,12.27,P0128
V3,2025-12-31 15:27:20.870466,93.59,817,24,0.69,12.94,P0300
V3,2025-12-31 15:27:30.870466,93.56,793,82,0.7,12.03,NONE
V3,2025-12-31 15:27:40.870466,93.64,768,10,0.88,12.76,P0300
V3,2025-12-31 15:27:50.870466,93.57,707,14,0.88,12.71,P0562
V3,2025-12-31 15:28:00.870466,93.69,674,17,0.63,13.19,P0300
V3,2025-12-31 15:28:10.870466,93.58,659,93,0.77,11.81,NONE
V3,2025-12-31 15:28:20.870466,93.58,844,22,0.76,13.42,P0128
V3,2025-12-31 15:28:30.870466,93.68,714,92,0.66,11.84,P0562
V3,2025-12-31 15:28:40.870466,93.59,661,26,0.6,12.79,P0128
V3,2025-12-31 15:28:50.870466,93.56,791,70,0.97,11.99,P0300
V3,2025-12-31 15:29:00.870466,93.69,727,27,0.71,12.45,NONE
V3,2025-12-31 15:29:10.870466,93.69,776,95,0.79,12.02,P0300
V3,2025-12-31 15:29:20.870466,93.67,655,45,0.8,12.92,P0562
V3,2025-12-31 15:29:30.870466,93.67,832,100,0.7,12.86,NONE
V3,2025-12-31 15:29:40.870466,93.66,762,1,0.61,13.2,P0128
V3,2025-12-31 15:29:50.870466,93.59,672,96,0.7,12.72,P0128
V3,2025-12-31 15:30:00.870466,93.56,651,55,0.73,12.3,P0128
V3,2025-12-31 15:30:10.870466,93.67,714,12,0.7,11.86,NONE
V3,2025-12-31 15:30:20.870466,93.56,652,16,0.85,12.63,P0128
V3,2025-12-31 15:30:30.870466,93.57,683,22,0.89,13.45,P0300
V3,2025-12-31 15:30:40.870466,93.59,822,62,0.85,12.47,P0300
V3,2025-12-31 15:30:50.870466,93.67,722,38,0.75,12.77,P0562
V3,2025-12-31 15:31:00.870466,93.56,837,34,0.81,12.6,P0128
V3,2025-12-31 15:31:10.870466,93.63,753,85,0.77,13.24,P0128
V3,2025-12-31 15:31:20.870466,93.6,831,55,0.66,12.67,P0562
V3,2025-12-31 15:31:30.870466,93.63,707,27,0.62,11.83,P0562
V3,2025-12-31 15:31:40.870466,93.61,658,20,0.88,13.48,P0128
V3,2025-12-31 15:31:50.870466,93.62,784,76,0.72,12.13,P0300
V3,2025-12-31 15:32:00.870466,93.67,775,75,0.63,11.92,P0562
V3,2025-12-31 15:32:10.870466,93.7,721,1,0.68,13.07,NONE
V3,2025-12-31 15:32:20.870466,93.54,708,50,0.86,12.62,P0562
V3,2025-12-31 15:32:30.870466,93.69,655,61,0.65,13.26,P0562
V3,2025-12-31 15:32:40.870466,93.59,741,3,0.81,12.51,P0300
V3,2025-12-31 15:32:50.870466,93.54,823,45,0.97,13.13,P0128
V3,2025-12-31 15:33:00.870466,93.6,753,88,0.87,12.07,P0562
V3,2025-12-31 15:33:10.870466,93.7,771,13,0.73,12.82,NONE
V3,2025-12-31 15:33:20.870466,93.54,829,21,0.76,13.35,P0300
V3,2025-12-31 15:33:30.870466,93.67,738,49,0.85,12.32,P0300
V3,2025-12-31 15:33:40.870466,93.54,734,25,0.62,12.51,P0128
V3,2025-12-31 15:33:50.870466,93.7,847,10,0.81,12.29,P0562
V3,2025-12-31 15:34:00.870466,93.54,676,28,0.93,13.2,P0562
V3,2025-12-31 15:34:10.870466,93.6,760,55,0.71,12.31,P0300
V3,2025-12-31 15:34:20.870466,93.55,826,78,0.67,12.41,P0128
V3,2025-12-31 15:34:30.870466,93.58,672,98,0.93,13.24,P0562
V3,2025-12-31 15:34:40.870466,93.6,832,76,0.92,12.44,NONE
V3,2025-12-31 15:34:50.870466,93.53,816,89,0.82,12.46,P0300
V3,2025-12-31 15:35:00.870466,93.57,727,51,0.68,12.86,NONE
V3,2025-12-31 15:35:10.870466,93.62,703,17,0.62,12.73,P0300
V3,2025-12-31 15:35:20.870466,93.65,800,97,0.94,12.31,P0128
V3,2025-12-31 15:35:30.870466,93.61,766,74,0.76,13.32,P0128
V3,2025-12-31 15:35:40.870466,93.68,715,48,0.64,12.05,NONE
V3,2025-12-31 15:35:50.870466,93.64,829,80,0.69,12.66,P0128
V3,2025-12-31 15:36:00.870466,93.58,663,12,0.86,13.28,P0128
V3,2025-12-31 15:36:10.870466,93.72,686,55,0.93,11.94,P0128
V3,2025-12-31 15:36:20.870466,93.69,654,25,0.63,12.98,P0300
V3,2025-12-31 15:36:30.870466,93.58,768,1,0.63,12.67,P0562
V3,2025-12-31 15:36:40.870466,93.61,815,20,0.7,13.3,P0300
V3,2025-12-31 15:36:50.870466,93.57,737,53,0.7,11.86,P0128
V3,2025-12-31 15:37:00.870466,93.69,772,69,0.63,12.63,P0300
V3,2025-12-31 15:37:10.870466,93.56,744,100,0.66,13.4,P0300
V3,2025-12-31 15:37:20.870466,93.67,795,51,0.93,12.6,NONE
V3,2025-12-31 15:37:30.870466,93.72,647,16,0.97,12.26,P0128
V3,2025-12-31 15:37:40.870466,93.6,792,12,0.97,12.46,NONE
V3,2025-12-31 15:37:50.870466,93.69,807,7,0.91,12.4,NONE
V3,2025-12-31 15:38:00.870466,93.54,837,12,0.64,12.38,P0128
V3,2025-12-31 15:38:10.870466,93.71,647,93,0.97,13.48,P0128
V3,2025-12-31 15:38:20.870466,93.64,843,68,0.72,12.35,NONE
V3,2025-12-31 15:38:30.870466,93.68,831,31,0.9,13.43,P0562
V3,2025-12-31 15:38:40.870466,93.72,746,5,0.71,13.01,P0128
V3,2025-12-31 15:38:50.870466,93.63,736,25,0.99,12.88,NONE
V3,2025-12-31 15:39:00.870466,93.56,814,90,0.91,13.1,P0562
V3,2025-12-31 15:39:10.870466,93.55,755,6,0.83,12.39,NONE
V3,2025-12-31 15:39:20.870466,93.61,769,79,0.71,12.87,NONE
V3,2025-12-31 15:39:30.870466,93.53,758,48,0.86,13.46,NONE
V3,2025-12-31 15:39:40.870466,93.68,729,6,0.77,12.19,P0562
V3,2025-12-31 15:39:50.870466,93.6,692,8,0.81,12.58,P0562
V3,2025-12-31 15:40:00.870466,93.54,728,19,0.64,12.92,NONE
V3,2025-12-31 15:40:10.870466,93.71,842,100,0.66,12.64,P0128
V3,2025-12-31 15:40:20.870466,93.64,802,74,0.6,13.47,P0300
V3,2025-12-31 15:40:30.870466,93.68,718,61,0.83,12.27,P0562
V3,2025-12-31 15:40:40.870466,93.53,810,90,0.76,12.16,P0300
V3,2025-12-31 15:40:50.870466,93.72,731,28,0.87,12.29,P0562
V3,2025-12-31 15:41:00.870466,93.55,735,28,0.8,12.87,P0300
V3,2025-12-31 15:41:10.870466,93.55,656,99,0.92,12.3,P0128
V3,2025-12-31 15:41:20.870466,93.56,747,10,0.94,11.89,P0300
V3,2025-12-31 15:41:30.870466,93.7,818,15,0.6,12.34,P0128
V3,2025-12-31 15:41:40.870466,93.54,821,56,0.77,13.01,NONE
V3,2025-12-31 15:41:50.870466,93.62,809,80,0.95,11.87,P0562
V3,2025-12-31 15:42:00.870466,93.64,709,61,0.85,12.93,NONE
V3,2025-12-31 15:42:10.870466,93.62,797,69,0.84,12.29,P0300
V3,2025-12-31 15:42:20.870466,93.64,749,79,0.93,12.34,P0562
V3,2025-12-31 15:42:30.870466,93.56,720,37,0.8,12.68,NONE
V3,2025-12-31 15:42:40.870466,93.58,743,32,0.8,12.93,P0300
V3,2025-12-31 15:42:50.870466,93.66,796,75,0.74,13.0,P0562
V3,2025-12-31 15:43:00.870466,93.65,768,30,0.97,13.28,NONE
V4,2025-12-31 15:26:30.871468,95.07,799,45,0.91,12.8,P0562
V4,2025-12-31 15:26:40.871468,95.04,695,14,0.93,13.02,P0562
V4,2025-12-31 15:26:50.871468,95.01,783,21,0.97,13.24,P0562
V4,2025-12-31 15:27:00.871468,94.95,735,45,0.97,12.46,P0562
V4,2025-12-31 15:27:10.871468,95.09,756,36,0.98,12.02,P0300
V4,2025-12-31 15:27:20.871468,95.08,812,88,0.95,12.45,NONE
V4,2025-12-31 15:27:30.871468,94.92,671,73,0.96,13.07,P0562
V4,2025-12-31 15:27:40.871468,95.01,743,2,0.96,13.22,P0128
V4,2025-12-31 15:27:50.871468,94.92,680,31,0.81,12.82,P0300
V4,2025-12-31 15:28:00.871468,94.99,706,49,0.95,12.33,P0562
V4,2025-12-31 15:28:10.871468,95.0,853,15,0.62,12.72,P0562
V4,2025-12-31 15:28:20.871468,94.96,740,94,0.78,11.81,P0562
V4,2025-12-31 15:28:30.871468,94.96,661,21,0.68,13.13,P0128
V4,2025-12-31 15:28:40.871468,95.07,725,43,0.82,12.72,NONE
V4,2025-12-31 15:28:50.871468,94.9,777,47,0.63,12.95,P0562
V4,2025-12-31 15:29:00.871468,95.06,777,45,0.73,12.79,P0562
V4,2025-12-31 15:29:10.871468,95.08,681,3,0.62,12.73,P0562
V4,2025-12-31 15:29:20.871468,94.96,823,84,0.98,12.15,P0128
V4,2025-12-31 15:29:30.871468,94.95,688,95,0.99,13.0,NONE
V4,2025-12-31 15:29:40.871468,95.07,704,63,0.61,12.77,P0300
V4,2025-12-31 15:29:50.871468,94.94,722,22,0.84,12.79,P0300
V4,2025-12-31 15:30:00.871468,94.98,750,4,0.86,13.27,NONE
V4,2025-12-31 15:30:10.871468,94.92,780,48,0.86,13.3,P0128
V4,2025-12-31 15:30:20.871468,95.0,834,79,0.69,13.44,NONE
V4,2025-12-31 15:30:30.871468,95.05,701,27,0.68,12.33,P0562
V4,2025-12-31 15:30:40.871468,95.06,746,85,0.79,13.44,P0562
V4,2025-12-31 15:30:50.871468,95.04,720,74,0.84,12.55,P0300
V4,2025-12-31 15:31:00.871468,95.06,688,31,0.79,11.9,P0300
V4,2025-12-31 15:31:10.871468,94.92,724,52,0.89,13.23,P0562
V4,2025-12-31 15:31:20.871468,94.92,677,0,0.69,13.07,NONE
V4,2025-12-31 15:31:30.871468,95.0,758,14,0.94,13.47,P0300
V4,2025-12-31 15:31:40.871468,95.0,754,62,0.78,12.1,P0128
V4,2025-12-31 15:31:50.871468,94.93,708,24,0.8,12.69,P0562
V4,2025-12-31 15:32:00.871468,94.94,805,79,0.89,13.2,P0562
V4,2025-12-31 15:32:10.871468,94.97,751,24,0.67,12.42,P0128
V4,2025-12-31 15:32:20.871468,94.98,776,5,0.67,13.15,P0562
V4,2025-12-31 15:32:30.871468,95.06,670,71,0.67,12.41,P0300
V4,2025-12-31 15:32:40.871468,95.08,787,13,0.85,11.9,P0562
V4,2025-12-31 15:32:50.871468,95.04,746,17,0.74,12.37,NONE
V4,2025-12-31 15:33:00.871468,95.0,790,79,0.86,12.22,NONE
V4,2025-12-31 15:33:10.871468,95.02,737,41,0.72,12.49,P0562
V4,2025-12-31 15:33:20.871468,95.01,712,51,0.76,11.92,P0300
V4,2025-12-31 15:33:30.871468,95.0,674,83,0.73,12.78,NONE
V4,2025-12-31 15:33:40.871468,95.08,785,82,0.7,12.85,P0562
V4,2025-12-31 15:33:50.871468,95.01,749,61,0.73,13.03,P0300
V4,2025-12-31 15:34:00.871468,95.03,796,8,0.76,13.27,NONE
V4,2025-12-31 15:34:10.871468,95.08,816,11,0.96,13.16,P0128
V4,2025-12-31 15:34:20.871468,95.0,762,91,0.86,12.01,P0300
V4,2025-12-31 15:34:30.871468,95.09,664,9,0.78,13.27,P0562
V4,2025-12-31 15:34:40.871468,95.02,730,3,0.87,12.8,P0300
V4,2025-12-31 15:34:50.871468,95.08,793,50,0.61,11.91,NONE
V4,2025-12-31 15:35:00.871468,94.9,684,99,0.94,11.97,NONE
V4,2025-12-31 15:35:10.871468,95.0,701,51,0.74,12.45,P0562
V4,2025-12-31 15:35:20.871468,94.9,689,8,0.79,12.77,NONE
V4,2025-12-31 15:35:30.871468,95.0,740,12,0.81,12.84,P0300
V4,2025-12-31 15:35:40.871468,95.06,810,24,0.78,12.85,P0300
V4,2025-12-31 15:35:50.871468,95.09,814,90,0.92,13.08,P0562
V4,2025-12-31 15:36:00.871468,95.01,710,3,0.96,13.42,P0300
V4,2025-12-31 15:36:10.871468,95.05,820,69,0.85,12.05,P0128
V4,2025-12-31 15:36:20.871468,95.05,734,69,0.81,12.5,P0128
V4,2025-12-31 15:36:30.871468,95.07,713,64,0.89,13.34,P0128
V4,2025-12-31 15:36:40.871468,95.0,828,39,0.7,13.37,NONE
V4,2025-12-31 15:36:50.871468,95.04,707,3,0.98,11.94,P0562
V4,2025-12-31 15:37:00.871468,94.91,856,54,0.85,13.41,NONE
V4,2025-12-31 15:37:10.871468,94.94,723,89,0.72,12.61,NONE
V4,2025-12-31 15:37:20.871468,95.04,673,13,0.9,12.17,P0128
V4,2025-12-31 15:37:30.871468,94.93,844,95,0.67,11.97,P0562
V4,2025-12-31 15:37:40.871468,94.93,687,16,0.79,13.4,P0128
V4,2025-12-31 15:37:50.871468,94.94,732,63,0.61,12.09,P0128
V4,2025-12-31 15:38:00.871468,95.02,790,16,0.92,12.19,P0562
V4,2025-12-31 15:38:10.871468,95.09,664,40,0.86,12.93,NONE
V4,2025-12-31 15:38:20.871468,94.9,808,33,0.61,13.47,NONE
V4,2025-12-31 15:38:30.871468,94.96,808,47,0.96,11.84,NONE
V4,2025-12-31 15:38:40.871468,95.08,706,45,1.0,11.92,P0128
V4,2025-12-31 15:38:50.871468,95.02,789,68,0.84,12.43,NONE
V4,2025-12-31 15:39:00.871468,94.95,769,4,0.81,11.94,P0128
V4,2025-12-31 15:39:10.871468,94.99,743,96,0.71,12.18,P0300
V4,2025-12-31 15:39:20.871468,94.96,706,19,0.92,13.27,P0128
V4,2025-12-31 15:39:30.871468,94.98,670,52,1.0,12.52,P0562
V4,2025-12-31 15:39:40.871468,94.95,682,13,0.92,13.43,P0300
V4,2025-12-31 15:39:50.871468,95.07,802,56,0.62,13.04,P0128
V4,2025-12-31 15:40:00.871468,94.93,849,0,0.8,12.53,P0128
V4,2025-12-31 15:40:10.871468,94.96,848,60,0.69,12.19,P0300
V4,2025-12-31 15:40:20.871468,94.93,713,99,0.76,13.17,P0562
V4,2025-12-31 15:40:30.871468,95.04,757,40,0.89,11.84,P0300
V4,2025-12-31 15:40:40.871468,94.92,689,87,0.62,12.1,P0128
V4,2025-12-31 15:40:50.871468,95.06,688,22,0.89,12.83,P0128
V4,2025-12-31 15:41:00.871468,95.01,840,53,0.66,12.65,P0128
V4,2025-12-31 15:41:10.871468,94.91,849,72,0.68,12.07,P0128
V4,2025-12-31 15:41:20.871468,95.05,776,60,0.8,12.53,P0300
V4,2025-12-31 15:41:30.871468,94.92,800,15,0.99,13.27,NONE
V4,2025-12-31 15:41:40.871468,95.02,672,12,0.8,11.83,NONE
V4,2025-12-31 15:41:50.871468,95.06,676,78,0.73,13.02,P0562
V4,2025-12-31 15:42:00.871468,94.91,778,11,0.75,13.48,P0128
V4,2025-12-31 15:42:10.871468,94.97,827,55,0.92,12.1,P0300
V4,2025-12-31 15:42:20.871468,94.98,789,47,0.86,12.23,P0128
V4,2025-12-31 15:42:30.871468,95.06,782,83,0.99,13.18,P0300
V4,2025-12-31 15:42:40.871468,95.02,702,100,0.89,13.43,P0562
V4,2025-12-31 15:42:50.871468,94.96,777,69,0.86,11.84,P0562
V4,2025-12-31 15:43:00.871468,95.02,711,38,0.98,12.25,P0300
V5,2025-12-31 15:26:30.871468,92.94,694,13,0.97,11.88,P0300
V5,2025-12-31 15:26:40.871468,92.81,690,57,0.63,12.43,NONE
V5,2025-12-31 15:26:50.871468,92.81,678,26,0.71,12.08,P0300
V5,2025-12-31 15:27:00.871468,92.91,820,54,0.79,13.46,P0300
V5,2025-12-31 15:27:10.871468,92.81,752,62,0.72,12.41,P0300
V5,2025-12-31 15:27:20.871468,92.93,824,64,0.91,13.05,P0562
V5,2025-12-31 15:27:30.871468,92.83,700,27,0.98,11.98,P0300
V5,2025-12-31 15:27:40.871468,92.98,833,94,0.72,12.84,P0128
V5,2025-12-31 15:27:50.871468,92.99,656,18,0.66,13.0,P0128
V5,2025-12-31 15:28:00.871468,92.9,733,44,0.8,12.94,P0128
V5,2025-12-31 15:28:10.871468,92.94,826,90,0.85,13.11,P0128
V5,2025-12-31 15:28:20.871468,92.9,712,26,0.63,13.49,P0128
V5,2025-12-31 15:28:30.871468,92.82,814,18,0.95,12.12,P0300
V5,2025-12-31 15:28:40.871468,92.8,818,14,0.82,12.78,NONE
V5,2025-12-31 15:28:50.871468,92.95,687,52,0.75,12.12,P0562
V5,2025-12-31 15:29:00.871468,92.96,757,100,0.61,11.84,P0300
V5,2025-12-31 15:29:10.871468,92.92,659,11,0.64,13.2,P0562
V5,2025-12-31 15:29:20.871468,92.93,772,3,0.82,12.38,P0562
V5,2025-12-31 15:29:30.871468,92.82,685,26,0.91,11.9,P0300
V5,2025-12-31 15:29:40.871468,92.8,786,39,0.63,12.73,P0128
V5,2025-12-31 15:29:50.871468,92.96,743,95,0.62,12.68,NONE
V5,2025-12-31 15:30:00.871468,92.87,822,66,0.74,12.17,P0128
V5,2025-12-31 15:30:10.871468,92.88,842,35,0.69,13.45,P0128
V5,2025-12-31 15:30:20.871468,92.93,793,61,0.8,12.5,NONE
V5,2025-12-31 15:30:30.871468,92.82,699,53,0.67,12.19,NONE
V5,2025-12-31 15:30:40.871468,93.0,747,42,0.78,12.37,P0300
V5,2025-12-31 15:30:50.871468,92.85,767,64,0.89,13.23,P0562
V5,2025-12-31 15:31:00.871468,92.93,692,2,0.95,13.06,P0300
V5,2025-12-31 15:31:10.871468,92.98,713,27,0.99,13.39,P0300
V5,2025-12-31 15:31:20.871468,92.9,742,24,0.81,11.88,P0300
V5,2025-12-31 15:31:30.871468,92.86,847,68,0.62,13.24,P0128
V5,2025-12-31 15:31:40.871468,92.95,816,84,0.82,12.85,NONE
V5,2025-12-31 15:31:50.871468,92.98,843,29,0.79,12.7,P0562
V5,2025-12-31 15:32:00.871468,92.84,704,59,0.77,12.54,P0128
V5,2025-12-31 15:32:10.871468,92.88,722,38,0.88,12.41,P0562
V5,2025-12-31 15:32:20.871468,92.81,661,49,0.76,13.31,P0300
V5,2025-12-31 15:32:30.871468,92.82,697,16,0.95,13.35,P0562
V5,2025-12-31 15:32:40.871468,92.86,701,52,0.75,12.71,P0562
V5,2025-12-31 15:32:50.871468,92.81,715,53,0.63,13.41,P0562
V5,2025-12-31 15:33:00.871468,92.8,772,39,0.64,13.4,NONE
V5,2025-12-31 15:33:10.871468,92.83,784,12,0.68,13.09,P0300
V5,2025-12-31 15:33:20.871468,92.98,851,93,0.71,12.66,P0300
V5,2025-12-31 15:33:30.871468,92.96,682,40,0.75,13.24,P0562
V5,2025-12-31 15:33:40.871468,92.91,813,94,0.81,12.14,P0300
V5,2025-12-31 15:33:50.871468,92.84,700,28,0.86,12.15,NONE
V5,2025-12-31 15:34:00.871468,92.89,697,19,0.65,13.37,P0562
V5,2025-12-31 15:34:10.871468,92.81,677,32,0.62,12.21,P0562
V5,2025-12-31 15:34:20.871468,92.85,681,0,0.81,12.99,P0300
V5,2025-12-31 15:34:30.871468,92.96,764,58,0.99,12.9,P0128
V5,2025-12-31 15:34:40.871468,92.86,779,6,0.75,13.38,P0300
V5,2025-12-31 15:34:50.871468,92.94,802,39,0.77,13.13,P0562
V5,2025-12-31 15:35:00.871468,92.84,765,9,0.76,12.47,P0128
V5,2025-12-31 15:35:10.871468,92.88,777,52,0.97,12.47,P0300
V5,2025-12-31 15:35:20.871468,92.95,807,4,0.91,12.3,P0562
V5,2025-12-31 15:35:30.871468,92.81,676,66,0.99,11.86,NONE
V5,2025-12-31 15:35:40.871468,92.98,672,69,0.9,12.86,P0128
V5,2025-12-31 15:35:50.871468,92.97,765,97,0.75,12.72,P0128
V5,2025-12-31 15:36:00.871468,92.81,782,21,0.93,13.39,P0562
V5,2025-12-31 15:36:10.871468,92.87,743,35,0.67,13.16,P0128
V5,2025-12-31 15:36:20.871468,92.81,704,52,0.88,13.32,P0562
V5,2025-12-31 15:36:30.871468,92.91,673,69,0.71,12.28,P0562
V5,2025-12-31 15:36:40.871468,92.97,820,7,0.65,12.56,P0300
V5,2025-12-31 15:36:50.871468,92.83,795,5,0.66,12.55,NONE
V5,2025-12-31 15:37:00.871468,92.88,834,32,0.64,12.57,NONE
V5,2025-12-31 15:37:10.871468,92.97,776,31,0.8,12.48,P0300
V5,2025-12-31 15:37:20.871468,92.88,754,35,0.62,12.47,NONE
V5,2025-12-31 15:37:30.871468,92.93,773,99,0.64,12.07,P0562
V5,2025-12-31 15:37:40.871468,92.9,756,18,0.87,12.74,P0300
V5,2025-12-31 15:37:50.871468,92.94,683,5,0.65,12.64,P0300
V5,2025-12-31 15:38:00.871468,92.9,757,63,0.93,13.15,P0562
V5,2025-12-31 15:38:10.871468,92.96,786,28,0.81,13.4,P0128
V5,2025-12-31 15:38:20.871468,92.81,672,79,0.95,13.21,P0562
V5,2025-12-31 15:38:30.871468,92.81,689,72,0.77,12.08,P0300
V5,2025-12-31 15:38:40.871468,92.94,762,69,0.85,12.64,NONE
V5,2025-12-31 15:38:50.871468,92.98,840,99,0.99,12.72,NONE
V5,2025-12-31 15:39:00.871468,92.85,757,22,0.85,12.98,NONE
V5,2025-12-31 15:39:10.871468,92.98,781,74,0.98,13.16,P0562
V5,2025-12-31 15:39:20.871468,92.91,849,70,0.63,12.11,NONE
V5,2025-12-31 15:39:30.871468,92.83,664,4,0.72,13.39,P0562
V5,2025-12-31 15:39:40.871468,92.84,700,70,0.78,13.24,P0562
V5,2025-12-31 15:39:50.871468,92.84,773,37,0.98,12.49,P0562
V5,2025-12-31 15:40:00.871468,92.95,659,2,0.9,12.94,P0562
V5,2025-12-31 15:40:10.871468,92.92,816,96,0.86,12.01,P0128
V5,2025-12-31 15:40:20.871468,92.93,656,45,0.85,12.41,P0128
V5,2025-12-31 15:40:30.871468,92.87,708,36,0.78,12.44,P0300
V5,2025-12-31 15:40:40.871468,92.89,782,90,0.94,13.21,NONE
V5,2025-12-31 15:40:50.871468,92.81,850,51,0.8,13.06,NONE
V5,2025-12-31 15:41:00.871468,92.92,829,98,0.89,11.89,P0300
V5,2025-12-31 15:41:10.871468,92.9,762,63,0.83,12.42,P0300
V5,2025-12-31 15:41:20.871468,92.95,846,37,0.6,11.88,NONE
V5,2025-12-31 15:41:30.871468,92.89,773,77,0.98,12.55,P0562
V5,2025-12-31 15:41:40.871468,92.97,778,89,0.99,12.53,P0562
V5,2025-12-31 15:41:50.871468,92.95,721,92,0.67,12.68,P0128
V5,2025-12-31 15:42:00.871468,92.89,714,7,0.79,13.09,P0562
V5,2025-12-31 15:42:10.871468,92.89,691,78,0.78,12.42,P0128
V5,2025-12-31 15:42:20.871468,92.95,784,12,0.92,12.93,P0128
V5,2025-12-31 15:42:30.871468,92.86,825,64,0.71,13.19,NONE
V5,2025-12-31 15:42:40.871468,92.95,718,1,0.8,12.53,P0562
V5,2025-12-31 15:42:50.871468,92.96,810,23,0.74,12.89,P0300
V5,2025-12-31 15:43:00.871468,92.84,762,63,0.78,12.29,P0300
V6,2025-12-31 15:26:30.872515,88.64,955,37,0.87,13.4,P0562
V6,2025-12-31 15:26:40.872515,88.61,991,19,0.99,13.14,P0128
V6,2025-12-31 15:26:50.872515,88.67,810,47,0.87,13.22,P0562
V6,2025-12-31 15:27:00.872515,88.49,795,91,0.93,13.16,P0562
V6,2025-12-31 15:27:10.872515,88.54,879,33,0.78,13.16,NONE
V6,2025-12-31 15:27:20.872515,88.52,805,81,0.9,12.08,P0128
V6,2025-12-31 15:27:30.872515,88.48,962,75,0.65,12.06,NONE
V6,2025-12-31 15:27:40.872515,88.6,854,60,0.78,12.49,P0128
V6,2025-12-31 15:27:50.872515,88.67,886,58,0.91,11.92,P0300
V6,2025-12-31 15:28:00.872515,88.61,965,28,0.93,11.87,NONE
V6,2025-12-31 15:28:10.872515,88.5,866,67,0.97,12.89,NONE
V6,2025-12-31 15:28:20.872515,88.5,898,54,0.77,11.82,P0562
V6,2025-12-31 15:28:30.872515,88.49,800,54,0.96,12.86,NONE
V6,2025-12-31 15:28:40.872515,88.6,887,89,0.93,11.97,NONE
V6,2025-12-31 15:28:50.872515,88.61,876,72,0.86,12.86,NONE
V6,2025-12-31 15:29:00.872515,88.61,844,11,0.71,13.32,P0300
V6,2025-12-31 15:29:10.872515,88.59,915,72,0.7,12.71,P0300
V6,2025-12-31 15:29:20.872515,88.57,891,72,0.69,12.89,P0128
V6,2025-12-31 15:29:30.872515,88.68,807,73,0.98,12.28,P0562
V6,2025-12-31 15:29:40.872515,88.48,995,46,0.64,12.91,P0300
V6,2025-12-31 15:29:50.872515,88.57,822,25,0.8,12.89,P0300
V6,2025-12-31 15:30:00.872515,88.55,869,13,0.92,11.94,P0128
V6,2025-12-31 15:30:10.872515,88.61,837,47,0.63,12.47,P0300
V6,2025-12-31 15:30:20.872515,88.55,857,94,0.69,12.47,P0300
V6,2025-12-31 15:30:30.872515,88.65,928,23,0.91,13.01,P0562
V6,2025-12-31 15:30:40.872515,88.56,822,5,0.79,12.66,NONE
V6,2025-12-31 15:30:50.872515,88.59,860,14,0.68,13.25,P0128
V6,2025-12-31 15:31:00.872515,88.54,841,4,0.94,11.92,P0562
V6,2025-12-31 15:31:10.872515,88.66,851,52,0.92,13.03,NONE
V6,2025-12-31 15:31:20.872515,88.52,817,64,0.89,13.33,P0128
V6,2025-12-31 15:31:30.872515,88.6,820,71,0.72,12.27,P0128
V6,2025-12-31 15:31:40.872515,88.66,866,60,0.79,12.99,P0128
V6,2025-12-31 15:31:50.872515,88.62,854,37,0.69,13.1,P0300
V6,2025-12-31 15:32:00.872515,88.53,814,22,0.77,13.28,NONE
V6,2025-12-31 15:32:10.872515,88.62,984,48,0.99,12.38,NONE
V6,2025-12-31 15:32:20.872515,88.49,975,53,0.96,13.1,NONE
V6,2025-12-31 15:32:30.872515,88.66,967,96,0.61,13.03,P0300
V6,2025-12-31 15:32:40.872515,88.61,809,100,0.71,13.07,P0300
V6,2025-12-31 15:32:50.872515,88.62,797,14,0.65,12.44,NONE
V6,2025-12-31 15:33:00.872515,88.53,935,98,0.96,11.87,P0300
V6,2025-12-31 15:33:10.872515,88.57,896,58,0.71,12.78,P0562
V6,2025-12-31 15:33:20.872515,88.61,873,5,0.8,13.34,P0128
V6,2025-12-31 15:33:30.872515,88.57,927,97,0.65,12.74,NONE
V6,2025-12-31 15:33:40.872515,88.57,875,34,0.74,11.95,P0128
V6,2025-12-31 15:33:50.872515,88.57,917,72,0.62,12.15,P0128
V6,2025-12-31 15:34:00.872515,88.59,920,18,0.99,12.71,P0300
V6,2025-12-31 15:34:10.872515,88.5,923,29,0.96,11.86,NONE
V6,2025-12-31 15:34:20.872515,88.58,863,12,0.95,12.45,P0562
V6,2025-12-31 15:34:30.872515,88.67,816,3,0.95,12.23,P0562
V6,2025-12-31 15:34:40.872515,88.62,912,34,0.79,13.36,NONE
V6,2025-12-31 15:34:50.872515,88.54,827,1,0.79,11.99,P0300
V6,2025-12-31 15:35:00.872515,88.51,977,53,0.94,12.77,P0562
V6,2025-12-31 15:35:10.872515,88.65,972,99,0.87,12.89,P0300
V6,2025-12-31 15:35:20.872515,88.67,964,29,0.71,12.45,P0300
V6,2025-12-31 15:35:30.872515,88.65,820,57,0.96,11.82,P0128
V6,2025-12-31 15:35:40.872515,88.56,977,47,0.74,12.64,P0300
V6,2025-12-31 15:35:50.872515,88.55,812,54,0.64,12.69,P0300
V6,2025-12-31 15:36:00.872515,88.59,856,79,0.66,11.91,NONE
V6,2025-12-31 15:36:10.872515,88.58,875,66,0.74,12.4,NONE
V6,2025-12-31 15:36:20.872515,88.6,858,8,0.73,12.25,P0300
V6,2025-12-31 15:36:30.872515,88.48,950,44,1.0,13.24,P0562
V6,2025-12-31 15:36:40.872515,88.66,930,27,0.9,13.39,P0300
V6,2025-12-31 15:36:50.872515,88.56,874,23,0.9,12.56,P0300
V6,2025-12-31 15:37:00.872515,88.55,862,73,0.85,11.82,NONE
V6,2025-12-31 15:37:10.872515,88.5,861,46,0.77,12.99,P0562
V6,2025-12-31 15:37:20.872515,88.51,807,25,0.65,12.04,P0300
V6,2025-12-31 15:37:30.872515,88.57,951,38,0.65,13.0,P0562
V6,2025-12-31 15:37:40.872515,88.51,940,59,0.68,13.06,P0300
V6,2025-12-31 15:37:50.872515,88.59,824,16,0.89,12.06,P0128
V6,2025-12-31 15:38:00.872515,88.54,994,48,0.88,12.2,P0562
V6,2025-12-31 15:38:10.872515,88.48,884,61,0.87,12.79,P0128
V6,2025-12-31 15:38:20.872515,88.58,840,11,0.85,12.55,P0128
V6,2025-12-31 15:38:30.872515,88.63,879,49,0.93,12.94,P0300
V6,2025-12-31 15:38:40.872515,88.54,928,15,0.81,12.52,P0128
V6,2025-12-31 15:38:50.872515,88.58,899,79,0.88,11.98,P0300
V6,2025-12-31 15:39:00.872515,88.61,964,2,0.69,12.47,NONE
V6,2025-12-31 15:39:10.872515,88.56,859,47,0.61,11.99,P0300
V6,2025-12-31 15:39:20.872515,88.67,875,17,0.62,12.48,P0128
V6,2025-12-31 15:39:30.872515,88.67,796,40,0.69,13.47,P0562
V6,2025-12-31 15:39:40.872515,88.5,882,49,0.83,13.2,P0300
V6,2025-12-31 15:39:50.872515,88.6,832,91,0.63,12.4,NONE
V6,2025-12-31 15:40:00.872515,88.61,911,25,0.66,12.34,P0300
V6,2025-12-31 15:40:10.872515,88.49,982,33,0.6,12.75,P0562
V6,2025-12-31 15:40:20.872515,88.61,899,13,0.97,12.38,P0128
V6,2025-12-31 15:40:30.872515,88.63,868,71,0.7,12.31,P0562
V6,2025-12-31 15:40:40.872515,88.65,822,54,0.8,11.99,P0128
V6,2025-12-31 15:40:50.872515,88.62,859,87,0.9,13.41,P0562
V6,2025-12-31 15:41:00.872515,88.62,844,93,0.82,13.37,P0300
V6,2025-12-31 15:41:10.872515,88.63,807,81,0.78,11.9,P0128
V6,2025-12-31 15:41:20.872515,88.66,980,85,0.81,12.0,P0128
V6,2025-12-31 15:41:30.872515,88.57,871,81,0.84,12.09,NONE
V6,2025-12-31 15:41:40.872515,88.55,959,55,0.97,12.8,P0128
V6,2025-12-31 15:41:50.872515,88.55,909,85,0.8,13.46,NONE
V6,2025-12-31 15:42:00.872515,88.53,947,58,0.73,12.76,P0562
V6,2025-12-31 15:42:10.872515,88.65,970,100,0.64,11.98,P0300
V6,2025-12-31 15:42:20.872515,88.5,963,82,0.68,12.89,P0562
V6,2025-12-31 15:42:30.872515,88.58,821,70,0.95,12.05,P0562
V6,2025-12-31 15:42:40.872515,88.65,820,82,0.73,12.7,NONE
V6,2025-12-31 15:42:50.872515,88.5,959,69,0.69,11.94,P0128
V6,2025-12-31 15:43:00.872515,88.67,824,20,0.89,13.08,P0128
V7,2025-12-31 15:26:30.872868,92.45,701,25,0.76,11.8,NONE
V7,2025-12-31 15:26:40.872868,92.38,747,19,0.99,11.86,P0300
V7,2025-12-31 15:26:50.872868,92.35,661,78,0.98,13.22,P0128
V7,2025-12-31 15:27:00.872868,92.43,784,80,0.61,12.92,P0128
V7,2025-12-31 15:27:10.872868,92.38,743,50,0.91,13.08,NONE
V7,2025-12-31 15:27:20.872868,92.37,820,66,0.73,13.09,NONE
V7,2025-12-31 15:27:30.872868,92.41,784,53,0.92,13.35,NONE
V7,2025-12-31 15:27:40.872868,92.5,810,38,0.93,12.72,P0562
V7,2025-12-31 15:27:50.872868,92.45,813,11,0.86,12.29,P0562
V7,2025-12-31 15:28:00.872868,92.5,649,77,0.71,13.21,NONE
V7,2025-12-31 15:28:10.872868,92.43,731,98,0.61,13.47,P0562
V7,2025-12-31 15:28:20.872868,92.52,799,33,0.85,13.39,P0562
V7,2025-12-31 15:28:30.872868,92.53,763,9,0.97,12.12,P0562
V7,2025-12-31 15:28:40.872868,92.46,798,2,0.67,12.24,P0128
V7,2025-12-31 15:28:50.872868,92.44,777,49,0.71,12.98,NONE
V7,2025-12-31 15:29:00.872868,92.49,686,62,0.72,12.96,NONE
V7,2025-12-31 15:29:10.872868,92.48,726,79,0.97,11.81,NONE
V7,2025-12-31 15:29:20.872868,92.34,675,87,0.72,11.99,NONE
V7,2025-12-31 15:29:30.872868,92.48,705,34,0.86,13.37,P0300
V7,2025-12-31 15:29:40.872868,92.47,819,99,0.86,11.84,NONE
V7,2025-12-31 15:29:50.872868,92.5,743,55,0.7,13.35,P0128
V7,2025-12-31 15:30:00.872868,92.37,704,56,0.9,11.9,P0128
V7,2025-12-31 15:30:10.872868,92.52,720,81,0.99,12.36,P0128
V7,2025-12-31 15:30:20.872868,92.33,696,22,0.73,12.74,P0128
V7,2025-12-31 15:30:30.872868,92.53,752,14,0.75,13.18,P0562
V7,2025-12-31 15:30:40.872868,92.4,844,1,0.65,13.32,NONE
V7,2025-12-31 15:30:50.872868,92.37,741,21,0.65,12.98,P0562
V7,2025-12-31 15:31:00.872868,92.37,747,25,0.76,12.59,P0300
V7,2025-12-31 15:31:10.872868,92.43,699,51,0.76,12.73,P0562
V7,2025-12-31 15:31:20.872868,92.48,774,39,0.86,11.82,NONE
V7,2025-12-31 15:31:30.872868,92.48,730,87,0.85,13.38,NONE
V7,2025-12-31 15:31:40.872868,92.41,802,21,0.84,13.23,P0128
V7,2025-12-31 15:31:50.872868,92.53,793,7,0.84,12.31,P0128
V7,2025-12-31 15:32:00.872868,92.34,665,37,0.75,13.18,P0300
V7,2025-12-31 15:32:10.872868,92.44,668,94,0.81,12.38,P0562
V7,2025-12-31 15:32:20.872868,92.36,749,66,0.75,13.02,P0300
V7,2025-12-31 15:32:30.872868,92.46,779,92,0.7,13.24,P0562
V7,2025-12-31 15:32:40.872868,92.34,838,97,0.93,12.99,P0300
V7,2025-12-31 15:32:50.872868,92.34,686,45,0.64,13.43,P0562
V7,2025-12-31 15:33:00.872868,92.34,806,0,0.84,12.72,NONE
V7,2025-12-31 15:33:10.872868,92.44,805,38,0.89,13.17,P0300
V7,2025-12-31 15:33:20.872868,92.42,707,28,0.92,12.52,P0562
V7,2025-12-31 15:33:30.872868,92.46,674,57,0.72,13.36,P0300
V7,2025-12-31 15:33:40.872868,92.52,812,52,0.7,12.64,NONE
V7,2025-12-31 15:33:50.872868,92.48,698,36,0.67,12.32,P0128
V7,2025-12-31 15:34:00.872868,92.48,750,49,0.99,12.04,NONE
V7,2025-12-31 15:34:10.872868,92.47,775,1,0.64,12.16,P0300
V7,2025-12-31 15:34:20.872868,92.53,689,13,0.88,12.69,P0300
V7,2025-12-31 15:34:30.872868,92.4,841,68,0.89,12.19,P0562
V7,2025-12-31 15:34:40.872868,92.4,842,49,0.65,12.6,P0562
V7,2025-12-31 15:34:50.872868,92.41,668,87,0.99,12.62,P0300
V7,2025-12-31 15:35:00.872868,92.36,650,93,0.91,13.03,P0300
V7,2025-12-31 15:35:10.872868,92.43,840,74,0.79,12.91,P0128
V7,2025-12-31 15:35:20.872868,92.52,843,94,0.65,12.46,P0562
V7,2025-12-31 15:35:30.872868,92.37,724,85,0.65,12.9,NONE
V7,2025-12-31 15:35:40.872868,92.42,736,69,0.86,12.32,P0562
V7,2025-12-31 15:35:50.872868,92.35,742,26,0.79,12.62,NONE
V7,2025-12-31 15:36:00.872868,92.46,811,60,0.79,12.83,NONE
V7,2025-12-31 15:36:10.872868,92.52,782,58,0.73,12.86,P0562
V7,2025-12-31 15:36:20.872868,92.35,766,39,0.67,12.34,NONE
V7,2025-12-31 15:36:30.872868,92.46,791,57,0.65,12.82,NONE
V7,2025-12-31 15:36:40.872868,92.47,748,65,0.66,13.39,P0128
V7,2025-12-31 15:36:50.872868,92.36,665,29,0.8,13.15,P0300
V7,2025-12-31 15:37:00.872868,92.45,845,61,0.99,13.47,P0562
V7,2025-12-31 15:37:10.872868,92.4,743,18,0.94,11.99,NONE
V7,2025-12-31 15:37:20.872868,92.51,781,38,0.89,13.23,P0300
V7,2025-12-31 15:37:30.872868,92.44,670,63,0.81,12.82,P0300
V7,2025-12-31 15:37:40.872868,92.45,833,46,0.78,11.85,P0562
V7,2025-12-31 15:37:50.872868,92.49,712,28,0.63,11.88,P0300
V7,2025-12-31 15:38:00.872868,92.49,761,3,0.87,13.31,P0300
V7,2025-12-31 15:38:10.872868,92.47,799,99,0.92,12.76,P0128
V7,2025-12-31 15:38:20.872868,92.51,840,51,0.82,13.24,P0562
V7,2025-12-31 15:38:30.872868,92.35,821,92,0.78,12.91,P0128
V7,2025-12-31 15:38:40.872868,92.38,837,34,0.96,11.89,NONE
V7,2025-12-31 15:38:50.872868,92.37,706,23,0.77,11.84,P0300
V7,2025-12-31 15:39:00.872868,92.45,767,77,0.6,13.49,P0562
V7,2025-12-31 15:39:10.872868,92.52,677,25,1.0,13.45,P0128
V7,2025-12-31 15:39:20.872868,92.35,757,57,0.66,12.49,P0300
V7,2025-12-31 15:39:30.872868,92.46,787,15,0.77,12.41,NONE
V7,2025-12-31 15:39:40.872868,92.36,667,99,0.73,13.29,P0300
V7,2025-12-31 15:39:50.872868,92.52,811,22,0.79,11.86,P0562
V7,2025-12-31 15:40:00.872868,92.38,658,18,0.79,12.98,P0128
V7,2025-12-31 15:40:10.872868,92.44,679,90,0.81,12.82,P0562
V7,2025-12-31 15:40:20.872868,92.36,744,87,0.72,12.37,P0562
V7,2025-12-31 15:40:30.872868,92.44,653,34,0.63,12.68,NONE
V7,2025-12-31 15:40:40.872868,92.42,823,61,0.66,12.36,P0562
V7,2025-12-31 15:40:50.872868,92.41,820,89,0.6,11.94,P0562
V7,2025-12-31 15:41:00.872868,92.49,757,73,0.99,13.25,NONE
V7,2025-12-31 15:41:10.872868,92.42,783,16,0.72,12.62,NONE
V7,2025-12-31 15:41:20.872868,92.53,663,30,0.7,11.85,P0562
V7,2025-12-31 15:41:30.872868,92.38,798,50,0.82,12.85,P0562
V7,2025-12-31 15:41:40.872868,92.39,697,56,0.89,12.75,NONE
V7,2025-12-31 15:41:50.872868,92.36,796,85,0.85,13.4,P0562
V7,2025-12-31 15:42:00.872868,92.34,665,57,0.95,12.17,P0128
V7,2025-12-31 15:42:10.872868,92.35,815,30,0.9,12.26,P0128
V7,2025-12-31 15:42:20.872868,92.4,732,83,0.76,12.69,P0562
V7,2025-12-31 15:42:30.872868,92.44,759,82,0.76,12.44,P0562
V7,2025-12-31 15:42:40.872868,92.5,699,78,0.77,11.92,P0128
V7,2025-12-31 15:42:50.872868,92.4,734,60,0.95,13.07,P0128
V7,2025-12-31 15:43:00.872868,92.43,816,89,0.77,13.06,NONE
V8,2025-12-31 15:26:30.873871,92.26,780,62,0.87,13.08,P0300
V8,2025-12-31 15:26:40.873871,92.37,955,36,0.61,12.91,P0562
V8,2025-12-31 15:26:50.873871,92.39,892,2,0.76,13.02,NONE
V8,2025-12-31 15:27:00.873871,92.42,831,14,0.77,12.16,P0562
V8,2025-12-31 15:27:10.873871,92.36,762,57,0.66,13.45,P0562
V8,2025-12-31 15:27:20.873871,92.4,849,19,0.76,13.27,P0300
V8,2025-12-31 15:27:30.873871,92.28,957,93,0.8,12.26,P0562
V8,2025-12-31 15:27:40.873871,92.32,926,15,0.84,12.21,P0562
V8,2025-12-31 15:27:50.873871,92.33,782,94,0.69,12.43,P0300
V8,2025-12-31 15:28:00.873871,92.39,800,12,0.75,11.8,P0300
V8,2025-12-31 15:28:10.873871,92.42,940,29,0.86,12.83,NONE
V8,2025-12-31 15:28:20.873871,92.34,912,72,0.62,11.97,P0128
V8,2025-12-31 15:28:30.873871,92.4,848,61,0.71,12.76,P0128
V8,2025-12-31 15:28:40.873871,92.34,831,64,0.92,13.29,NONE
V8,2025-12-31 15:28:50.873871,92.4,844,82,0.69,12.12,P0128
V8,2025-12-31 15:29:00.873871,92.3,894,68,0.71,12.18,P0562
V8,2025-12-31 15:29:10.873871,92.4,924,52,0.66,12.69,NONE
V8,2025-12-31 15:29:20.873871,92.3,901,97,0.84,12.95,P0128
V8,2025-12-31 15:29:30.873871,92.41,887,62,0.67,12.7,P0562
V8,2025-12-31 15:29:40.873871,92.35,778,14,0.72,12.38,NONE
V8,2025-12-31 15:29:50.873871,92.39,890,39,0.66,13.16,P0562
V8,2025-12-31 15:30:00.873871,92.27,906,57,0.92,12.2,NONE
V8,2025-12-31 15:30:10.873871,92.32,829,98,0.8,12.5,P0562
V8,2025-12-31 15:30:20.873871,92.36,864,94,0.86,13.37,P0300
V8,2025-12-31 15:30:30.873871,92.32,791,53,0.92,12.54,P0300
V8,2025-12-31 15:30:40.873871,92.31,873,35,0.97,13.05,P0562
V8,2025-12-31 15:30:50.873871,92.32,856,25,0.64,13.22,P0128
V8,2025-12-31 15:31:00.873871,92.31,815,69,0.83,13.01,NONE
V8,2025-12-31 15:31:10.873871,92.39,928,94,0.62,11.92,NONE
V8,2025-12-31 15:31:20.873871,92.27,902,14,0.98,12.43,P0128
V8,2025-12-31 15:31:30.873871,92.39,839,42,0.76,13.13,P0300
V8,2025-12-31 15:31:40.873871,92.43,891,91,0.81,13.01,P0128
V8,2025-12-31 15:31:50.873871,92.43,905,79,0.68,12.62,P0128
V8,2025-12-31 15:32:00.873871,92.31,896,29,0.8,13.02,P0128
V8,2025-12-31 15:32:10.873871,92.32,914,0,0.94,12.24,NONE
V8,2025-12-31 15:32:20.873871,92.38,918,28,1.0,12.09,P0128
V8,2025-12-31 15:32:30.873871,92.3,863,38,0.91,12.19,P0128
V8,2025-12-31 15:32:40.873871,92.33,802,70,0.61,12.63,NONE
V8,2025-12-31 15:32:50.873871,92.35,771,25,0.95,11.9,P0300
V8,2025-12-31 15:33:00.873871,92.39,892,32,0.89,11.86,P0562
V8,2025-12-31 15:33:10.873871,92.41,952,48,0.71,11.86,NONE
V8,2025-12-31 15:33:20.873871,92.26,948,72,0.82,12.52,P0128
V8,2025-12-31 15:33:30.873871,92.37,861,1,0.66,12.67,P0562
V8,2025-12-31 15:33:40.873871,92.34,792,67,0.85,11.98,NONE
V8,2025-12-31 15:33:50.873871,92.39,883,88,0.93,13.24,P0300
V8,2025-12-31 15:34:00.873871,92.38,957,92,0.9,13.34,P0300
V8,2025-12-31 15:34:10.873871,92.33,807,66,0.69,13.03,P0128
V8,2025-12-31 15:34:20.873871,92.39,835,88,0.91,12.72,P0562
V8,2025-12-31 15:34:30.873871,92.29,814,90,0.7,12.47,P0300
V8,2025-12-31 15:34:40.873871,92.45,841,18,0.85,13.13,P0128
V8,2025-12-31 15:34:50.873871,92.28,923,50,0.68,12.24,NONE
V8,2025-12-31 15:35:00.873871,92.25,823,34,0.67,12.54,NONE
V8,2025-12-31 15:35:10.873871,92.3,880,28,0.98,12.22,P0128
V8,2025-12-31 15:35:20.873871,92.4,837,83,0.8,12.72,P0562
V8,2025-12-31 15:35:30.873871,92.3,773,49,0.8,12.03,NONE
V8,2025-12-31 15:35:40.873871,92.27,863,81,0.63,11.87,P0300
V8,2025-12-31 15:35:50.873871,92.35,917,75,0.87,13.22,P0128
V8,2025-12-31 15:36:00.873871,92.32,817,92,0.72,13.45,P0300
V8,2025-12-31 15:36:10.873871,92.26,953,97,0.88,12.65,P0128
V8,2025-12-31 15:36:20.873871,92.41,960,19,0.62,13.43,P0128
V8,2025-12-31 15:36:30.873871,92.28,784,4,0.72,12.13,NONE
V8,2025-12-31 15:36:40.873871,92.43,812,44,0.82,11.86,P0300
V8,2025-12-31 15:36:50.873871,92.32,958,47,0.88,13.41,NONE
V8,2025-12-31 15:37:00.873871,92.29,789,51,0.62,11.81,NONE
V8,2025-12-31 15:37:10.873871,92.37,813,40,0.68,13.4,P0300
V8,2025-12-31 15:37:20.873871,92.44,807,25,0.95,13.45,P0128
V8,2025-12-31 15:37:30.873871,92.28,943,26,0.81,13.48,P0562
V8,2025-12-31 15:37:40.873871,92.35,765,6,0.95,12.62,P0562
V8,2025-12-31 15:37:50.873871,92.36,800,43,0.61,13.18,P0128
V8,2025-12-31 15:38:00.873871,92.36,852,59,0.65,12.62,P0562
V8,2025-12-31 15:38:10.873871,92.41,941,92,0.9,12.14,P0128
V8,2025-12-31 15:38:20.873871,92.3,935,50,0.95,12.02,P0128
V8,2025-12-31 15:38:30.873871,92.42,776,66,0.83,12.56,P0128
V8,2025-12-31 15:38:40.873871,92.26,839,50,0.87,13.35,NONE
V8,2025-12-31 15:38:50.873871,92.44,894,96,0.74,13.22,NONE
V8,2025-12-31 15:39:00.873871,92.38,766,11,1.0,12.27,P0300
V8,2025-12-31 15:39:10.873871,92.37,862,97,0.92,13.48,P0562
V8,2025-12-31 15:39:20.873871,92.33,851,8,0.7,12.2,NONE
V8,2025-12-31 15:39:30.873871,92.35,920,90,0.67,13.16,NONE
V8,2025-12-31 15:39:40.873871,92.38,902,93,0.71,12.62,P0562
V8,2025-12-31 15:39:50.873871,92.35,937,37,0.72,11.81,P0562
V8,2025-12-31 15:40:00.873871,92.32,951,51,0.61,12.95,NONE
V8,2025-12-31 15:40:10.873871,92.42,947,29,0.82,12.31,P0128
V8,2025-12-31 15:40:20.873871,92.27,808,68,0.99,13.37,P0128
V8,2025-12-31 15:40:30.873871,92.29,827,2,0.8,12.53,NONE
V8,2025-12-31 15:40:40.873871,92.39,925,74,0.72,12.43,P0128
V8,2025-12-31 15:40:50.873871,92.33,872,52,0.88,12.42,P0128
V8,2025-12-31 15:41:00.873871,92.36,784,32,0.82,11.99,P0128
V8,2025-12-31 15:41:10.873871,92.3,923,0,0.95,12.86,P0300
V8,2025-12-31 15:41:20.873871,92.4,823,89,0.65,11.86,P0562
V8,2025-12-31 15:41:30.873871,92.34,954,78,0.97,12.61,P0300
V8,2025-12-31 15:41:40.873871,92.27,940,10,0.8,12.9,P0562
V8,2025-12-31 15:41:50.873871,92.26,934,70,0.78,13.27,P0300
V8,2025-12-31 15:42:00.873871,92.26,781,16,0.7,12.31,NONE
V8,2025-12-31 15:42:10.873871,92.41,946,9,0.94,12.74,P0562
V8,2025-12-31 15:42:20.873871,92.36,949,11,0.6,12.84,P0562
V8,2025-12-31 15:42:30.873871,92.38,909,97,0.6,12.1,NONE
V8,2025-12-31 15:42:40.873871,92.42,781,27,0.66,12.36,P0300
V8,2025-12-31 15:42:50.873871,92.37,952,54,0.67,12.52,P0300
V8,2025-12-31 15:43:00.873871,92.39,927,38,0.91,13.07,NONE
V9,2025-12-31 15:26:30.873871,94.35,623,64,0.92,13.07,P0562
V9,2025-12-31 15:26:40.873871,94.35,624,45,0.99,13.15,P0300
V9,2025-12-31 15:26:50.873871,94.29,713,96,0.68,13.44,NONE
V9,2025-12-31 15:27:00.873871,94.42,635,26,0.87,12.48,P0128
V9,2025-12-31 15:27:10.873871,94.41,790,16,0.94,12.71,P0562
V9,2025-12-31 15:27:20.873871,94.45,682,50,0.86,12.79,P0562
V9,2025-12-31 15:27:30.873871,94.43,665,67,0.98,12.17,P0562
V9,2025-12-31 15:27:40.873871,94.46,755,39,0.86,12.55,P0128
V9,2025-12-31 15:27:50.873871,94.29,711,37,0.74,13.01,NONE
V9,2025-12-31 15:28:00.873871,94.35,769,46,0.74,12.61,P0128
V9,2025-12-31 15:28:10.873871,94.33,761,56,0.94,13.35,P0562
V9,2025-12-31 15:28:20.873871,94.36,646,75,0.67,13.29,P0128
V9,2025-12-31 15:28:30.873871,94.35,712,20,0.66,12.76,NONE
V9,2025-12-31 15:28:40.873871,94.44,738,17,0.61,13.48,P0128
V9,2025-12-31 15:28:50.873871,94.33,797,20,0.73,13.46,NONE
V9,2025-12-31 15:29:00.873871,94.32,710,85,0.82,12.42,P0562
V9,2025-12-31 15:29:10.873871,94.35,724,85,0.64,13.01,P0300
V9,2025-12-31 15:29:20.873871,94.29,616,65,0.61,12.77,NONE
V9,2025-12-31 15:29:30.873871,94.34,762,30,0.75,12.81,NONE
V9,2025-12-31 15:29:40.873871,94.43,777,80,0.89,12.95,P0300
V9,2025-12-31 15:29:50.873871,94.38,721,56,0.74,12.26,P0300
V9,2025-12-31 15:30:00.873871,94.29,618,73,0.65,13.34,NONE
V9,2025-12-31 15:30:10.873871,94.28,742,62,0.96,12.72,NONE
V9,2025-12-31 15:30:20.873871,94.29,666,21,0.93,12.15,P0300
V9,2025-12-31 15:30:30.873871,94.47,662,85,0.87,11.82,P0562
V9,2025-12-31 15:30:40.873871,94.35,687,1,0.9,12.48,P0300
V9,2025-12-31 15:30:50.873871,94.37,794,29,0.69,13.0,P0128
V9,2025-12-31 15:31:00.873871,94.31,633,84,0.69,12.78,P0300
V9,2025-12-31 15:31:10.873871,94.28,622,7,0.84,13.32,P0562
V9,2025-12-31 15:31:20.873871,94.36,681,69,0.82,12.75,NONE
V9,2025-12-31 15:31:30.873871,94.43,674,19,0.77,12.95,P0562
V9,2025-12-31 15:31:40.873871,94.39,692,92,0.95,12.88,NONE
V9,2025-12-31 15:31:50.873871,94.33,680,58,0.68,13.16,NONE
V9,2025-12-31 15:32:00.873871,94.28,754,55,0.94,11.94,P0300
V9,2025-12-31 15:32:10.873871,94.31,644,46,0.97,12.16,P0300
V9,2025-12-31 15:32:20.873871,94.4,636,96,0.72,13.41,P0562
V9,2025-12-31 15:32:30.873871,94.46,705,12,0.68,12.94,P0300
V9,2025-12-31 15:32:40.873871,94.47,676,64,0.87,12.67,P0300
V9,2025-12-31 15:32:50.873871,94.39,679,5,0.97,13.18,P0562
V9,2025-12-31 15:33:00.873871,94.41,806,98,0.79,12.43,P0300
V9,2025-12-31 15:33:10.873871,94.34,793,43,0.87,12.27,P0300
V9,2025-12-31 15:33:20.873871,94.29,799,40,0.87,12.17,P0300
V9,2025-12-31 15:33:30.873871,94.4,780,62,0.76,12.3,P0300
V9,2025-12-31 15:33:40.873871,94.46,812,69,0.77,12.88,P0562
V9,2025-12-31 15:33:50.873871,94.43,736,28,0.94,12.41,NONE
V9,2025-12-31 15:34:00.873871,94.34,628,44,0.68,12.92,P0300
V9,2025-12-31 15:34:10.873871,94.45,755,82,0.61,12.68,NONE
V9,2025-12-31 15:34:20.873871,94.29,721,22,0.82,13.07,P0562
V9,2025-12-31 15:34:30.873871,94.42,727,51,0.95,13.16,P0562
V9,2025-12-31 15:34:40.873871,94.39,648,81,0.9,13.17,NONE
V9,2025-12-31 15:34:50.873871,94.38,690,58,0.96,12.22,P0128
V9,2025-12-31 15:35:00.873871,94.4,705,60,0.95,11.93,P0562
V9,2025-12-31 15:35:10.873871,94.3,641,54,0.71,12.38,P0300
V9,2025-12-31 15:35:20.873871,94.29,784,15,0.68,12.49,NONE
V9,2025-12-31 15:35:30.873871,94.34,770,69,0.91,13.15,P0300
V9,2025-12-31 15:35:40.873871,94.37,648,39,0.75,12.53,NONE
V9,2025-12-31 15:35:50.873871,94.38,740,77,0.68,12.14,P0300
V9,2025-12-31 15:36:00.873871,94.47,771,77,0.99,11.93,NONE
V9,2025-12-31 15:36:10.873871,94.35,787,19,0.62,12.75,NONE
V9,2025-12-31 15:36:20.873871,94.34,625,15,0.85,12.61,NONE
V9,2025-12-31 15:36:30.873871,94.34,777,38,0.95,12.3,NONE
V9,2025-12-31 15:36:40.873871,94.37,743,26,0.67,12.91,P0300
V9,2025-12-31 15:36:50.873871,94.44,725,97,0.9,11.98,P0300
V9,2025-12-31 15:37:00.873871,94.41,690,59,0.97,13.45,NONE
V9,2025-12-31 15:37:10.873871,94.45,637,42,0.7,12.84,P0562
V9,2025-12-31 15:37:20.873871,94.3,641,56,0.8,12.94,P0562
V9,2025-12-31 15:37:30.873871,94.33,710,93,1.0,11.98,P0128
V9,2025-12-31 15:37:40.873871,94.28,678,12,0.94,12.86,P0562
V9,2025-12-31 15:37:50.873871,94.31,754,91,0.82,12.87,NONE
V9,2025-12-31 15:38:00.873871,94.37,692,40,0.92,12.89,P0562
V9,2025-12-31 15:38:10.873871,94.45,801,11,0.76,13.38,P0128
V9,2025-12-31 15:38:20.873871,94.42,726,76,0.76,12.97,P0300
V9,2025-12-31 15:38:30.873871,94.37,621,34,0.88,13.37,P0128
V9,2025-12-31 15:38:40.873871,94.29,639,37,0.98,13.0,NONE
V9,2025-12-31 15:38:50.873871,94.31,708,34,0.97,12.6,P0300
V9,2025-12-31 15:39:00.873871,94.36,785,54,0.78,13.06,P0128
V9,2025-12-31 15:39:10.873871,94.43,755,69,0.86,12.13,P0300
V9,2025-12-31 15:39:20.873871,94.34,721,72,0.65,12.97,P0128
V9,2025-12-31 15:39:30.873871,94.33,718,76,0.96,12.51,P0128
V9,2025-12-31 15:39:40.873871,94.32,730,29,0.62,13.15,P0562
V9,2025-12-31 15:39:50.873871,94.27,763,52,0.8,12.99,P0128
V9,2025-12-31 15:40:00.873871,94.33,675,78,0.89,12.44,NONE
V9,2025-12-31 15:40:10.873871,94.31,752,10,0.94,12.59,P0300
V9,2025-12-31 15:40:20.873871,94.32,655,3,0.89,13.13,P0128
V9,2025-12-31 15:40:30.873871,94.4,807,4,0.85,12.16,P0300
V9,2025-12-31 15:40:40.873871,94.46,769,41,0.92,12.68,P0300
V9,2025-12-31 15:40:50.873871,94.28,673,44,0.61,13.45,P0300
V9,2025-12-31 15:41:00.873871,94.34,725,20,0.64,12.17,NONE
V9,2025-12-31 15:41:10.873871,94.47,759,72,0.75,12.93,P0300
V9,2025-12-31 15:41:20.873871,94.39,761,14,1.0,12.17,P0562
V9,2025-12-31 15:41:30.873871,94.31,741,8,0.81,12.91,NONE
V9,2025-12-31 15:41:40.873871,94.31,748,60,0.66,13.37,P0562
V9,2025-12-31 15:41:50.873871,94.35,802,11,0.73,12.17,P0562
V9,2025-12-31 15:42:00.873871,94.42,712,73,0.96,12.66,P0562
V9,2025-12-31 15:42:10.873871,94.43,744,38,0.86,12.33,P0300
V9,2025-12-31 15:42:20.873871,94.42,635,59,0.75,12.77,P0128
V9,2025-12-31 15:42:30.873871,94.34,713,56,0.72,13.0,P0128
V9,2025-12-31 15:42:40.873871,94.44,667,70,0.61,11.89,P0300
V9,2025-12-31 15:42:50.873871,94.45,746,89,0.92,13.11,P0300
V9,2025-12-31 15:43:00.873871,94.43,809,82,0.93,12.52,P0562
V10,2025-12-31 15:26:30.874877,87.52,769,84,0.8,12.89,P0128
V10,2025-12-31 15:26:40.874877,87.7,727,54,0.61,12.56,NONE
V10,2025-12-31 15:26:50.874877,87.56,698,93,0.86,13.02,P0128
V10,2025-12-31 15:27:00.874877,87.68,703,37,0.82,13.15,P0300
V10,2025-12-31 15:27:10.874877,87.54,702,14,0.78,12.34,P0300
V10,2025-12-31 15:27:20.874877,87.55,725,34,0.9,13.1,P0300
V10,2025-12-31 15:27:30.874877,87.59,718,94,0.85,13.29,P0562
V10,2025-12-31 15:27:40.874877,87.57,731,83,0.61,12.83,NONE
V10,2025-12-31 15:27:50.874877,87.67,723,94,0.98,12.24,P0128
V10,2025-12-31 15:28:00.874877,87.52,625,85,0.98,12.2,P0128
V10,2025-12-31 15:28:10.874877,87.7,816,74,0.95,13.15,P0562
V10,2025-12-31 15:28:20.874877,87.56,802,20,0.91,13.49,P0300
V10,2025-12-31 15:28:30.874877,87.68,721,98,0.99,13.12,P0128
V10,2025-12-31 15:28:40.874877,87.61,665,11,0.92,12.96,NONE
V10,2025-12-31 15:28:50.874877,87.55,731,63,0.8,13.36,P0562
V10,2025-12-31 15:29:00.874877,87.57,802,86,0.73,12.25,NONE
V10,2025-12-31 15:29:10.874877,87.67,790,80,0.68,12.5,P0300
V10,2025-12-31 15:29:20.874877,87.55,781,75,0.9,12.06,NONE
V10,2025-12-31 15:29:30.874877,87.53,753,63,0.8,12.36,P0562
V10,2025-12-31 15:29:40.874877,87.66,767,27,0.81,12.07,P0300
V10,2025-12-31 15:29:50.874877,87.59,619,22,0.65,12.99,P0128
V10,2025-12-31 15:30:00.874877,87.59,669,38,0.77,12.78,P0562
V10,2025-12-31 15:30:10.874877,87.58,700,83,0.82,12.88,P0300
V10,2025-12-31 15:30:20.874877,87.56,804,88,0.86,12.47,P0562
V10,2025-12-31 15:30:30.874877,87.7,729,51,0.94,12.24,P0128
V10,2025-12-31 15:30:40.874877,87.68,811,87,0.78,13.23,P0562
V10,2025-12-31 15:30:50.874877,87.67,625,41,0.85,11.88,P0562
V10,2025-12-31 15:31:00.874877,87.69,678,100,0.94,12.31,P0128
V10,2025-12-31 15:31:10.874877,87.57,660,89,0.81,13.01,P0128
V10,2025-12-31 15:31:20.874877,87.52,768,47,0.77,12.53,P0128
V10,2025-12-31 15:31:30.874877,87.58,751,76,0.94,12.12,P0128
V10,2025-12-31 15:31:40.874877,87.67,770,62,0.67,12.36,P0128
V10,2025-12-31 15:31:50.874877,87.6,624,34,0.81,13.22,P0300
V10,2025-12-31 15:32:00.874877,87.69,794,47,0.67,12.62,P0300
V10,2025-12-31 15:32:10.874877,87.63,751,45,0.93,13.41,P0128
V10,2025-12-31 15:32:20.874877,87.64,648,26,0.78,13.11,P0128
V10,2025-12-31 15:32:30.874877,87.68,683,64,0.81,12.49,P0128
V10,2025-12-31 15:32:40.874877,87.66,678,91,0.72,11.87,P0562
V10,2025-12-31 15:32:50.874877,87.53,778,11,0.63,12.41,P0300
V10,2025-12-31 15:33:00.874877,87.56,661,80,0.98,11.89,P0300
V10,2025-12-31 15:33:10.874877,87.55,676,52,0.61,12.95,P0562
V10,2025-12-31 15:33:20.874877,87.69,648,17,0.82,11.97,P0300
V10,2025-12-31 15:33:30.874877,87.54,795,93,0.61,12.07,P0300
V10,2025-12-31 15:33:40.874877,87.65,651,14,0.94,12.61,P0300
V10,2025-12-31 15:33:50.874877,87.52,739,34,0.73,12.21,P0300
V10,2025-12-31 15:34:00.874877,87.66,816,81,0.69,11.82,P0300
V10,2025-12-31 15:34:10.874877,87.53,707,69,0.68,12.99,NONE
V10,2025-12-31 15:34:20.874877,87.63,808,52,0.7,12.44,P0300
V10,2025-12-31 15:34:30.874877,87.56,664,64,0.89,13.0,P0128
V10,2025-12-31 15:34:40.874877,87.62,808,86,0.88,12.5,P0128
V10,2025-12-31 15:34:50.874877,87.63,677,70,0.68,12.49,P0300
V10,2025-12-31 15:35:00.874877,87.69,641,75,0.91,13.49,P0300
V10,2025-12-31 15:35:10.874877,87.67,801,2,0.84,11.93,P0300
V10,2025-12-31 15:35:20.874877,87.66,686,39,0.96,12.93,P0128
V10,2025-12-31 15:35:30.874877,87.53,713,75,0.94,13.34,NONE
V10,2025-12-31 15:35:40.874877,87.64,626,32,0.78,12.93,P0562
V10,2025-12-31 15:35:50.874877,87.59,674,50,0.93,12.89,P0300
V10,2025-12-31 15:36:00.874877,87.52,666,75,0.7,13.08,P0300
V10,2025-12-31 15:36:10.874877,87.53,682,14,0.99,12.5,P0562
V10,2025-12-31 15:36:20.874877,87.58,801,37,0.68,11.82,P0128
V10,2025-12-31 15:36:30.874877,87.7,796,29,0.94,12.3,P0128
V10,2025-12-31 15:36:40.874877,87.61,702,97,0.9,12.15,P0562
V10,2025-12-31 15:36:50.874877,87.56,697,28,0.87,12.49,P0300
V10,2025-12-31 15:37:00.874877,87.54,669,14,0.98,11.9,P0562
V10,2025-12-31 15:37:10.874877,87.67,693,71,0.98,13.41,P0300
V10,2025-12-31 15:37:20.874877,87.61,734,95,0.86,13.14,P0128
V10,2025-12-31 15:37:30.874877,87.5,677,18,0.63,12.86,NONE
V10,2025-12-31 15:37:40.874877,87.54,642,82,0.79,12.06,P0300
V10,2025-12-31 15:37:50.874877,87.54,799,12,0.87,11.83,P0562
V10,2025-12-31 15:38:00.874877,87.66,730,49,0.93,12.61,NONE
V10,2025-12-31 15:38:10.874877,87.67,668,69,0.8,12.94,P0128
V10,2025-12-31 15:38:20.874877,87.57,713,47,0.71,12.76,P0128
V10,2025-12-31 15:38:30.874877,87.58,681,99,0.84,11.9,NONE
V10,2025-12-31 15:38:40.874877,87.66,761,65,0.72,11.84,NONE
V10,2025-12-31 15:38:50.874877,87.57,810,95,0.88,13.43,P0562
V10,2025-12-31 15:39:00.874877,87.6,619,65,0.99,12.42,NONE
V10,2025-12-31 15:39:10.874877,87.54,803,0,0.99,12.75,P0562
V10,2025-12-31 15:39:20.874877,87.57,645,42,0.68,11.91,P0300
V10,2025-12-31 15:39:30.874877,87.7,781,8,0.71,12.2,P0562
V10,2025-12-31 15:39:40.874877,87.59,691,63,0.99,12.19,NONE
V10,2025-12-31 15:39:50.874877,87.68,680,75,0.85,13.19,P0128
V10,2025-12-31 15:40:00.874877,87.62,721,35,0.84,12.92,P0128
V10,2025-12-31 15:40:10.874877,87.58,622,97,0.83,12.59,NONE
V10,2025-12-31 15:40:20.874877,87.55,684,89,0.88,12.43,NONE
V10,2025-12-31 15:40:30.874877,87.6,695,44,0.73,12.76,P0300
V10,2025-12-31 15:40:40.874877,87.6,698,95,0.92,13.36,P0562
V10,2025-12-31 15:40:50.874877,87.62,729,99,0.86,11.84,P0300
V10,2025-12-31 15:41:00.874877,87.63,633,38,0.67,13.22,P0128
V10,2025-12-31 15:41:10.874877,87.56,672,90,0.72,12.65,P0300
V10,2025-12-31 15:41:20.874877,87.64,680,6,0.86,12.43,P0128
V10,2025-12-31 15:41:30.874877,87.53,712,22,0.65,13.39,P0128
V10,2025-12-31 15:41:40.874877,87.65,639,74,0.76,12.3,NONE
V10,2025-12-31 15:41:50.874877,87.52,695,37,0.85,11.91,P0128
V10,2025-12-31 15:42:00.874877,87.65,686,58,0.83,12.1,NONE
V10,2025-12-31 15:42:10.874877,87.51,662,12,0.92,13.35,P0128
V10,2025-12-31 15:42:20.874877,87.63,634,51,0.94,12.55,P0128
V10,2025-12-31 15:42:30.874877,87.63,677,9,0.84,12.93,NONE
V10,2025-12-31 15:42:40.874877,87.61,634,18,0.86,12.84,NONE
V10,2025-12-31 15:42:50.874877,87.55,630,78,0.65,11.94,NONE
V10,2025-12-31 15:43:00.874877,87.52,790,31,0.78,12.65,NONE
